{
    "rmse": 0.781252840238252,
    "mae": 0.6362970363746476,
    "r2": 0.06602826642737669
}